evaluation_context,dataset,sequence_id,model,n_origins,rmse_all_horizons,mae_all_horizons,rmse_50ms,rmse_100ms,rmse_200ms,skill,rmse_h01,rmse_h02,rmse_h03,rmse_h04,rmse_h05,rmse_h06,rmse_h07,rmse_h08,rmse_h09,rmse_h10,rmse_h11,rmse_h12,rmse_h13,rmse_h14,rmse_h15,rmse_h16,rmse_h17,rmse_h18,rmse_h19,rmse_h20,fold_id,notes
EUROC_TO_UZH,UZH_FPV,indoor_forward_6_snapdragon,B0_PERSISTENCE,1349,4.075000184,1.448876514,3.095694185,4.049868694,4.372439845,,1.324362325,2.122951729,2.536557315,2.973595405,3.095694185,3.236571759,3.808272425,4.330840873,4.386432354,4.049868694,4.128370135,4.648820058,4.96346956,4.990081157,4.712560704,4.526078159,4.749722399,5.002090639,4.902110577,4.372439845,TRANSFER_EUROC_TO_UZH,
EUROC_TO_UZH,UZH_FPV,indoor_forward_6_snapdragon,B1_LINEAR,1349,9.097258821,2.399522595,5.03156523,8.074953057,13.02447324,-1.232456052,2.605478742,3.405558443,3.821305457,4.474141604,5.03156523,5.579765678,6.494635546,7.365298778,7.803901928,8.074953057,8.679973878,9.456009546,10.17790244,10.89451421,11.41295861,11.83334315,12.41642622,12.97450219,13.18133173,13.02447324,TRANSFER_EUROC_TO_UZH,
EUROC_TO_UZH,UZH_FPV,indoor_forward_6_snapdragon,B2_RIDGE_QF,1349,3.897489335,1.70177529,3.003596135,3.951708132,4.303273533,0.04356094263,0.6036090697,1.976629361,3.109023919,3.308253428,3.003596135,3.132962097,3.767856227,4.238607935,4.299308569,3.951708132,3.862512753,4.298533311,4.629890197,4.611744309,4.253259393,4.125173541,4.474636352,4.734387902,4.654477109,4.303273533,TRANSFER_EUROC_TO_UZH,
EUROC_TO_UZH,UZH_FPV,indoor_forward_6_snapdragon,B3_RIDGE_QF_QW,1349,3.809991061,1.656894814,2.941232051,3.86664676,4.197145688,0.06503291074,0.5898543162,1.916960473,2.999312448,3.207552439,2.941232051,3.064741179,3.683770781,4.160674558,4.227429549,3.86664676,3.762357833,4.194614729,4.538874492,4.533205652,4.161535969,4.013399641,4.361442042,4.637155391,4.560491287,4.197145688,TRANSFER_EUROC_TO_UZH,
EUROC_TO_UZH,UZH_FPV,indoor_forward_9_snapdragon,B0_PERSISTENCE,1493,0.7614361482,0.5198005074,0.6514258874,0.746522323,0.9443831043,,0.4388656827,0.6566354211,0.6307092053,0.5901997028,0.6514258874,0.6926958623,0.6767626628,0.6852248729,0.7292757014,0.746522323,0.7712122182,0.7882784742,0.7815947875,0.8116003171,0.8506403763,0.8661637911,0.8718159565,0.8997374043,0.9401697218,0.9443831043,TRANSFER_EUROC_TO_UZH,
EUROC_TO_UZH,UZH_FPV,indoor_forward_9_snapdragon,B1_LINEAR,1493,1.196040506,0.7957981827,0.7709389252,1.069383549,1.790236143,-0.5707692743,0.518248992,0.6174553157,0.6273207315,0.6898189371,0.7709389252,0.8117636072,0.8525170197,0.9272367823,1.005340291,1.069383549,1.151097812,1.218515781,1.273709608,1.362603731,1.442888393,1.498990562,1.570331431,1.664444521,1.742957056,1.790236143,TRANSFER_EUROC_TO_UZH,
EUROC_TO_UZH,UZH_FPV,indoor_forward_9_snapdragon,B2_RIDGE_QF,1493,0.9450039656,0.7246423244,0.6662566935,0.9424951795,1.295501704,-0.2410810386,0.1473623642,0.4392569346,0.6066902688,0.6447741753,0.6662566935,0.7273357518,0.7842459969,0.8233168372,0.8905719415,0.9424951795,0.9612541659,0.9901728237,1.038892018,1.096011508,1.130162588,1.155148504,1.178175787,1.208645896,1.261382022,1.295501704,TRANSFER_EUROC_TO_UZH,
EUROC_TO_UZH,UZH_FPV,indoor_forward_9_snapdragon,B3_RIDGE_QF_QW,1493,0.8969342115,0.6867900035,0.6493831642,0.9007962863,1.218089811,-0.1779506577,0.1458283954,0.4325613096,0.5944467746,0.6316480586,0.6493831642,0.7015282782,0.7521079692,0.7905011548,0.8564117827,0.9007962863,0.9110505401,0.934596766,0.9836672875,1.042883824,1.07083481,1.084826391,1.101685047,1.134052829,1.189145881,1.218089811,TRANSFER_EUROC_TO_UZH,
EUROC_TO_UZH,UZH_FPV,indoor_forward_10_snapdragon,B0_PERSISTENCE,1482,0.94906914,0.5416548985,0.936034513,0.9376017382,1.203783095,,0.4291604636,0.6873626519,0.7743674819,0.8676483614,0.936034513,0.8735980056,0.7950372071,0.8452561869,0.9317567926,0.9376017382,0.9198328179,0.9379621043,0.9785907679,1.044390302,1.066891487,1.042763686,1.062416471,1.129324811,1.191355932,1.203783095,TRANSFER_EUROC_TO_UZH,
EUROC_TO_UZH,UZH_FPV,indoor_forward_10_snapdragon,B1_LINEAR,1482,1.644397835,0.8685693867,1.166789576,1.46472634,2.502126488,-0.732642824,0.5310465328,0.7047111393,0.8544300179,1.043679656,1.166789576,1.153852831,1.148797568,1.262054043,1.390384612,1.46472634,1.545702012,1.642567479,1.747541839,1.88630757,1.990208612,2.048832512,2.152750219,2.292517916,2.406350007,2.502126488,TRANSFER_EUROC_TO_UZH,
EUROC_TO_UZH,UZH_FPV,indoor_forward_10_snapdragon,B2_RIDGE_QF,1482,1.10100198,0.7561519058,0.8926574495,1.107574226,1.503561973,-0.160086166,0.1495003774,0.470817268,0.7287198711,0.8626255358,0.8926574495,0.8647597335,0.8733401878,0.9525574829,1.063747562,1.107574226,1.090146893,1.117194901,1.202783911,1.283556677,1.31317044,1.315939055,1.339804221,1.395967865,1.469882088,1.503561973,TRANSFER_EUROC_TO_UZH,
EUROC_TO_UZH,UZH_FPV,indoor_forward_10_snapdragon,B3_RIDGE_QF_QW,1482,1.048908765,0.7152344998,0.8905262737,1.063640149,1.415467762,-0.1051974199,0.1473406255,0.4639309067,0.7225414956,0.8640474846,0.8905262737,0.8438978781,0.8377365421,0.916670503,1.028354973,1.063640149,1.033542658,1.052734125,1.139752337,1.223019481,1.244955117,1.234163853,1.25183363,1.311397247,1.388427092,1.415467762,TRANSFER_EUROC_TO_UZH,
EUROC_TO_UZH,UZH_FPV,indoor_45_2_snapdragon,B0_PERSISTENCE,1450,2.573046277,0.6672585941,2.152853605,2.911681796,2.899976369,,0.587029529,0.9813292282,1.403929669,1.83977856,2.152853605,2.391938458,2.501182373,2.600872085,2.74008594,2.911681796,3.085251286,3.014656431,2.807442872,2.808850202,3.069276071,3.272544965,3.068450262,2.681930912,2.618979992,2.899976369,TRANSFER_EUROC_TO_UZH,
EUROC_TO_UZH,UZH_FPV,indoor_45_2_snapdragon,B1_LINEAR,1450,6.024103109,1.230501778,3.595113711,5.755276045,8.755328026,-1.341233876,1.440059679,1.862548732,2.554136465,3.204305829,3.595113711,3.986420154,4.499862688,5.016164089,5.411215847,5.755276045,6.131607594,6.455573313,6.766762868,7.126153827,7.545589168,7.932103541,8.030431078,7.950499942,8.171927092,8.755328026,TRANSFER_EUROC_TO_UZH,
EUROC_TO_UZH,UZH_FPV,indoor_45_2_snapdragon,B2_RIDGE_QF,1450,2.176603543,0.7049304759,1.982687495,2.416700318,2.447438331,0.1540752445,0.3452260379,1.093740933,1.607105159,1.723200554,1.982687495,2.269128306,2.281874175,2.148933322,2.136658713,2.416700318,2.677389689,2.532969438,2.182438836,2.153285119,2.500674643,2.756785207,2.564238585,2.170396927,2.112021156,2.447438331,TRANSFER_EUROC_TO_UZH,
EUROC_TO_UZH,UZH_FPV,indoor_45_2_snapdragon,B3_RIDGE_QF_QW,1450,2.140724636,0.694141432,1.942751196,2.372893588,2.43777732,0.1680193804,0.3363129888,1.05409214,1.532144019,1.653458683,1.942751196,2.236506177,2.23643896,2.09285977,2.082754338,2.372893588,2.641496688,2.495838451,2.141941361,2.115252222,2.466761528,2.728867605,2.542072835,2.149630333,2.09657477,2.43777732,TRANSFER_EUROC_TO_UZH,
EUROC_TO_UZH,UZH_FPV,indoor_45_4_snapdragon,B0_PERSISTENCE,1281,3.160309351,0.6914528433,2.751060243,3.564106297,3.718252413,,0.9473567997,1.367718577,1.521982021,1.94594216,2.751060243,3.263042494,3.292057583,3.154696011,3.236253719,3.564106297,3.666265455,3.47406668,3.314589652,3.371939359,3.623431348,3.752747518,3.688067262,3.611824699,3.625757209,3.718252413,TRANSFER_EUROC_TO_UZH,
EUROC_TO_UZH,UZH_FPV,indoor_45_4_snapdragon,B1_LINEAR,1281,7.678485509,1.331276841,4.766883373,6.905393425,11.48622707,-1.429662623,2.329834459,2.850181117,3.201394522,3.846485577,4.766883373,5.451466344,5.802576859,6.033505201,6.361427198,6.905393425,7.388347263,7.667654428,8.037304795,8.666932361,9.366742688,9.952147838,10.48453217,10.97030101,11.30653634,11.48622707,TRANSFER_EUROC_TO_UZH,
EUROC_TO_UZH,UZH_FPV,indoor_45_4_snapdragon,B2_RIDGE_QF,1281,2.651463396,0.7592909731,2.482841892,2.958224698,2.966351373,0.1610114387,0.4334842793,1.35517517,1.937391971,2.047896408,2.482841892,2.932536601,2.888653092,2.643185175,2.673002882,2.958224698,3.098158453,2.937145218,2.717104772,2.708437293,2.973293777,3.128857609,3.005735467,2.781999457,2.737735979,2.966351373,TRANSFER_EUROC_TO_UZH,
EUROC_TO_UZH,UZH_FPV,indoor_45_4_snapdragon,B3_RIDGE_QF_QW,1281,2.634099239,0.7502059428,2.473919788,2.962062762,2.979331859,0.1665058871,0.4170999175,1.300824013,1.867189709,2.015891442,2.473919788,2.914842355,2.860866881,2.645802427,2.702084932,2.962062762,3.064925995,2.892566842,2.694722303,2.699106061,2.961781617,3.100467191,2.966087817,2.758991079,2.738277001,2.979331859,TRANSFER_EUROC_TO_UZH,
EUROC_TO_UZH,UZH_FPV,indoor_45_13_snapdragon,B0_PERSISTENCE,1195,2.461928413,0.6232928448,2.35398342,2.748192434,2.913253624,,0.6516946525,1.459697126,2.05984979,2.134578531,2.35398342,2.579126459,2.472752818,2.427366529,2.509891745,2.748192434,2.780347732,2.553443497,2.485226973,2.542590274,2.820250638,2.897280895,2.610673271,2.50616205,2.644248865,2.913253624,TRANSFER_EUROC_TO_UZH,
EUROC_TO_UZH,UZH_FPV,indoor_45_13_snapdragon,B1_LINEAR,1195,5.311640281,1.07939349,3.333968967,4.934659518,8.059489898,-1.157512076,1.060451203,1.848600133,2.745025455,3.067874586,3.333968967,3.785234718,4.088606494,4.262509967,4.495183698,4.934659518,5.231868346,5.381677142,5.701748452,6.064499325,6.461380858,6.806888188,7.00863774,7.239090029,7.596578698,8.059489898,TRANSFER_EUROC_TO_UZH,
EUROC_TO_UZH,UZH_FPV,indoor_45_13_snapdragon,B2_RIDGE_QF,1195,2.01903845,0.7126889753,2.078676572,2.273704092,2.376545977,0.1798955488,0.3320780901,1.148640621,1.77687784,1.88166688,2.078676572,2.226426364,2.044295995,1.957075477,1.979752415,2.273704092,2.333262621,2.034716864,1.945696305,2.025591209,2.30549465,2.368285297,2.090608492,2.028969508,2.119916072,2.376545977,TRANSFER_EUROC_TO_UZH,
EUROC_TO_UZH,UZH_FPV,indoor_45_13_snapdragon,B3_RIDGE_QF_QW,1195,2.000733662,0.700172331,2.080450341,2.257109401,2.368599895,0.1873306912,0.3304131178,1.140623653,1.761664999,1.874584249,2.080450341,2.218722023,2.026791285,1.94099316,1.965362383,2.257109401,2.306610048,2.003523579,1.916864405,1.998581634,2.282077056,2.341522991,2.059544537,1.999864412,2.098128114,2.368599895,TRANSFER_EUROC_TO_UZH,
EUROC_TO_UZH,UZH_FPV,indoor_45_14_snapdragon,B0_PERSISTENCE,1247,2.619887629,0.898977044,2.147006439,2.543710698,2.741032327,,0.8791134322,1.51730066,1.56851805,1.771603631,2.147006439,2.606751972,2.997075774,2.855736532,2.608860098,2.543710698,2.682460061,3.00414355,3.049096967,2.890126068,2.694225561,2.910488866,3.354208755,3.217950036,2.839715922,2.741032327,TRANSFER_EUROC_TO_UZH,
EUROC_TO_UZH,UZH_FPV,indoor_45_14_snapdragon,B1_LINEAR,1247,6.104955021,1.495512699,3.748431499,5.635335967,8.671491902,-1.330235447,1.938493873,2.526217448,2.701853485,3.083450313,3.748431499,4.273120625,4.628864299,4.947353326,5.363360607,5.635335967,5.994735548,6.658473638,7.08672802,7.160806912,7.281846009,7.774583288,8.290547914,8.377126764,8.389400289,8.671491902,TRANSFER_EUROC_TO_UZH,
EUROC_TO_UZH,UZH_FPV,indoor_45_14_snapdragon,B2_RIDGE_QF,1247,2.464578805,1.107907198,1.9935717,2.283114105,2.497749926,0.05928071953,0.511308111,1.545378058,2.039307454,1.908734129,1.9935717,2.38911631,2.824367599,2.732399632,2.420150128,2.283114105,2.534352795,2.949098983,2.89929772,2.576652975,2.425271059,2.692448583,3.099339502,2.973975907,2.617382932,2.497749926,TRANSFER_EUROC_TO_UZH,
EUROC_TO_UZH,UZH_FPV,indoor_45_14_snapdragon,B3_RIDGE_QF_QW,1247,2.41386418,1.068329213,1.957983306,2.238721393,2.426011483,0.07863827708,0.5072162121,1.528523344,2.006491039,1.865264226,1.957983306,2.354788637,2.783002281,2.692109096,2.381138552,2.238721393,2.476287284,2.886990064,2.842388458,2.523595695,2.363532437,2.617988619,3.024289678,2.908478962,2.556811271,2.426011483,TRANSFER_EUROC_TO_UZH,
EUROC_TO_UZH,UZH_FPV,outdoor_forward_1_snapdragon,B0_PERSISTENCE,1672,2.193506128,0.7288247866,2.218223952,2.607084367,2.443049425,,0.7630691393,1.328314163,1.740091137,2.037149804,2.218223952,2.239129401,2.120505932,2.064076407,2.329170637,2.607084367,2.495318454,2.162710724,2.144525971,2.466809713,2.627136627,2.450140149,2.199718013,2.188887766,2.387489651,2.443049425,TRANSFER_EUROC_TO_UZH,
EUROC_TO_UZH,UZH_FPV,outdoor_forward_1_snapdragon,B1_LINEAR,1672,4.281946961,1.289235722,2.796159702,4.295074739,6.142119035,-0.9521016636,1.096845776,1.601520465,2.11221576,2.516631877,2.796159702,3.013988279,3.190489333,3.377746523,3.790846082,4.295074739,4.508250642,4.480905895,4.609567691,4.976923245,5.292731764,5.444086569,5.552377883,5.719272375,5.957595545,6.142119035,TRANSFER_EUROC_TO_UZH,
EUROC_TO_UZH,UZH_FPV,outdoor_forward_1_snapdragon,B2_RIDGE_QF,1672,1.593982042,0.7298524496,1.830576239,1.99373314,1.929937646,0.2733177162,0.2448711993,0.7588567472,1.219291637,1.628525298,1.830576239,1.783325771,1.480864377,1.355067078,1.717308759,1.99373314,1.819838341,1.418046282,1.418843781,1.784651226,1.973739771,1.771056066,1.438598545,1.442147536,1.769001966,1.929937646,TRANSFER_EUROC_TO_UZH,
EUROC_TO_UZH,UZH_FPV,outdoor_forward_1_snapdragon,B3_RIDGE_QF_QW,1672,1.575942302,0.7085513011,1.819311825,1.981883773,1.915945263,0.2815418739,0.2434666435,0.7513480437,1.212173419,1.626821049,1.819311825,1.758422155,1.448652898,1.335017178,1.703573713,1.981883773,1.804911754,1.389306321,1.394409362,1.767749027,1.955728969,1.749247117,1.402336204,1.405540449,1.750561088,1.915945263,TRANSFER_EUROC_TO_UZH,
