evaluation_context,model,horizon_index,horizon_ms,equal_sequence_mean_rmse
WITHIN_EUROC,B0_PERSISTENCE,1,10,0.49382502235000003
WITHIN_EUROC,B0_PERSISTENCE,2,20,0.7773272207833334
WITHIN_EUROC,B0_PERSISTENCE,3,30,0.811504833
WITHIN_EUROC,B0_PERSISTENCE,4,40,0.7575635960833332
WITHIN_EUROC,B0_PERSISTENCE,5,50,0.7514938846666667
WITHIN_EUROC,B0_PERSISTENCE,6,60,0.7812461404333333
WITHIN_EUROC,B0_PERSISTENCE,7,70,0.8396718193333333
WITHIN_EUROC,B0_PERSISTENCE,8,80,0.9061495220333334
WITHIN_EUROC,B0_PERSISTENCE,9,90,0.9296788063833333
WITHIN_EUROC,B0_PERSISTENCE,10,100,0.9113984730499999
WITHIN_EUROC,B0_PERSISTENCE,11,110,0.9227102093833333
WITHIN_EUROC,B0_PERSISTENCE,12,120,0.9667428941999999
WITHIN_EUROC,B0_PERSISTENCE,13,130,0.9852100451166667
WITHIN_EUROC,B0_PERSISTENCE,14,140,0.9911915152833334
WITHIN_EUROC,B0_PERSISTENCE,15,150,1.00423368745
WITHIN_EUROC,B0_PERSISTENCE,16,160,1.0223879038833334
WITHIN_EUROC,B0_PERSISTENCE,17,170,1.0438373760666666
WITHIN_EUROC,B0_PERSISTENCE,18,180,1.05713514625
WITHIN_EUROC,B0_PERSISTENCE,19,190,1.0670426373833333
WITHIN_EUROC,B0_PERSISTENCE,20,200,1.0782282582166667
WITHIN_EUROC,BEST_RIDGE,1,10,0.16831349461666667
WITHIN_EUROC,BEST_RIDGE,2,20,0.48869280815
WITHIN_EUROC,BEST_RIDGE,3,30,0.64934335495
WITHIN_EUROC,BEST_RIDGE,4,40,0.6496449858166667
WITHIN_EUROC,BEST_RIDGE,5,50,0.6428683595
WITHIN_EUROC,BEST_RIDGE,6,60,0.6766761793666666
WITHIN_EUROC,BEST_RIDGE,7,70,0.72410418335
WITHIN_EUROC,BEST_RIDGE,8,80,0.7385914946666666
WITHIN_EUROC,BEST_RIDGE,9,90,0.7506236740166666
WITHIN_EUROC,BEST_RIDGE,10,100,0.7532032068833333
WITHIN_EUROC,BEST_RIDGE,11,110,0.7629961346499999
WITHIN_EUROC,BEST_RIDGE,12,120,0.7865334116333332
WITHIN_EUROC,BEST_RIDGE,13,130,0.7959919476333334
WITHIN_EUROC,BEST_RIDGE,14,140,0.7897013876333333
WITHIN_EUROC,BEST_RIDGE,15,150,0.78484332855
WITHIN_EUROC,BEST_RIDGE,16,160,0.8006122671
WITHIN_EUROC,BEST_RIDGE,17,170,0.8234957384166668
WITHIN_EUROC,BEST_RIDGE,18,180,0.8217365281166668
WITHIN_EUROC,BEST_RIDGE,19,190,0.81507844735
WITHIN_EUROC,BEST_RIDGE,20,200,0.8165876143666666
WITHIN_EUROC,TCN,1,10,0.43989363315775604
WITHIN_EUROC,TCN,2,20,0.6285437642416983
WITHIN_EUROC,TCN,3,30,0.6526846804126781
WITHIN_EUROC,TCN,4,40,0.6346797538899819
WITHIN_EUROC,TCN,5,50,0.6408954851022949
WITHIN_EUROC,TCN,6,60,0.6785942701373114
WITHIN_EUROC,TCN,7,70,0.7163097533481726
WITHIN_EUROC,TCN,8,80,0.7393156882063935
WITHIN_EUROC,TCN,9,90,0.7393466836761254
WITHIN_EUROC,TCN,10,100,0.7347771891103586
WITHIN_EUROC,TCN,11,110,0.7481352807575794
WITHIN_EUROC,TCN,12,120,0.7812195912570079
WITHIN_EUROC,TCN,13,130,0.7957697825472959
WITHIN_EUROC,TCN,14,140,0.7800617706622278
WITHIN_EUROC,TCN,15,150,0.784200329028662
WITHIN_EUROC,TCN,16,160,0.7998492001124785
WITHIN_EUROC,TCN,17,170,0.8174615913293882
WITHIN_EUROC,TCN,18,180,0.8248107962805351
WITHIN_EUROC,TCN,19,190,0.8182714028514572
WITHIN_EUROC,TCN,20,200,0.8148795115817536
WITHIN_EUROC,GRU,1,10,0.5547227649912626
WITHIN_EUROC,GRU,2,20,0.6466369824922343
WITHIN_EUROC,GRU,3,30,0.6389637844028822
WITHIN_EUROC,GRU,4,40,0.6178272443340534
WITHIN_EUROC,GRU,5,50,0.6253749502320953
WITHIN_EUROC,GRU,6,60,0.6633829866404407
WITHIN_EUROC,GRU,7,70,0.710097222855213
WITHIN_EUROC,GRU,8,80,0.7269728363780034
WITHIN_EUROC,GRU,9,90,0.7221137896296731
WITHIN_EUROC,GRU,10,100,0.7211307850944667
WITHIN_EUROC,GRU,11,110,0.7424453898221305
WITHIN_EUROC,GRU,12,120,0.7756271035900749
WITHIN_EUROC,GRU,13,130,0.7812734903872257
WITHIN_EUROC,GRU,14,140,0.7762006189069109
WITHIN_EUROC,GRU,15,150,0.7772821984096606
WITHIN_EUROC,GRU,16,160,0.7937688568189879
WITHIN_EUROC,GRU,17,170,0.818217044155801
WITHIN_EUROC,GRU,18,180,0.8198235224916267
WITHIN_EUROC,GRU,19,190,0.8130617894925387
WITHIN_EUROC,GRU,20,200,0.8120256644484821
WITHIN_EUROC,TRANSFORMER,1,10,0.5844126715351713
WITHIN_EUROC,TRANSFORMER,2,20,0.6851443796369564
WITHIN_EUROC,TRANSFORMER,3,30,0.6793187657822468
WITHIN_EUROC,TRANSFORMER,4,40,0.6468996004371163
WITHIN_EUROC,TRANSFORMER,5,50,0.6455960778426119
WITHIN_EUROC,TRANSFORMER,6,60,0.6740401840814498
WITHIN_EUROC,TRANSFORMER,7,70,0.7143838020932693
WITHIN_EUROC,TRANSFORMER,8,80,0.7353363285474616
WITHIN_EUROC,TRANSFORMER,9,90,0.7345007358971017
WITHIN_EUROC,TRANSFORMER,10,100,0.7305006398677406
WITHIN_EUROC,TRANSFORMER,11,110,0.7489713128188312
WITHIN_EUROC,TRANSFORMER,12,120,0.7814799028950827
WITHIN_EUROC,TRANSFORMER,13,130,0.7870684342429423
WITHIN_EUROC,TRANSFORMER,14,140,0.783797228177141
WITHIN_EUROC,TRANSFORMER,15,150,0.7850941234237251
WITHIN_EUROC,TRANSFORMER,16,160,0.8013010741123221
WITHIN_EUROC,TRANSFORMER,17,170,0.8222931016627671
WITHIN_EUROC,TRANSFORMER,18,180,0.8243726758860679
WITHIN_EUROC,TRANSFORMER,19,190,0.8192481409041172
WITHIN_EUROC,TRANSFORMER,20,200,0.8182486186369488
WITHIN_UZH,B0_PERSISTENCE,1,10,0.7525815029999999
WITHIN_UZH,B0_PERSISTENCE,2,20,1.265163694525
WITHIN_UZH,B0_PERSISTENCE,3,30,1.52950058365
WITHIN_UZH,B0_PERSISTENCE,4,40,1.7700620194
WITHIN_UZH,B0_PERSISTENCE,5,50,2.0382852805500002
WITHIN_UZH,B0_PERSISTENCE,6,60,2.2353568013625
WITHIN_UZH,B0_PERSISTENCE,7,70,2.3329558468625
WITHIN_UZH,B0_PERSISTENCE,8,80,2.3705086871
WITHIN_UZH,B0_PERSISTENCE,9,90,2.433965873375
WITHIN_UZH,B0_PERSISTENCE,10,100,2.5135960433999998
WITHIN_UZH,B0_PERSISTENCE,11,110,2.5661322698875
WITHIN_UZH,B0_PERSISTENCE,12,120,2.5730101898125
WITHIN_UZH,B0_PERSISTENCE,13,130,2.5655671937999998
WITHIN_UZH,B0_PERSISTENCE,14,140,2.6157984240125
WITHIN_UZH,B0_PERSISTENCE,15,150,2.6830516015375
WITHIN_UZH,B0_PERSISTENCE,16,160,2.7147760036375
WITHIN_UZH,B0_PERSISTENCE,17,170,2.7006340486875002
WITHIN_UZH,B0_PERSISTENCE,18,180,2.6547385396625
WITHIN_UZH,B0_PERSISTENCE,19,190,2.643728483725
WITHIN_UZH,B0_PERSISTENCE,20,200,2.6545212752875003
WITHIN_UZH,BEST_RIDGE,1,10,0.7869797082250001
WITHIN_UZH,BEST_RIDGE,2,20,1.2319298687875
WITHIN_UZH,BEST_RIDGE,3,30,1.5058105920625002
WITHIN_UZH,BEST_RIDGE,4,40,1.6666978562625
WITHIN_UZH,BEST_RIDGE,5,50,1.83315539575
WITHIN_UZH,BEST_RIDGE,6,60,1.971337726375
WITHIN_UZH,BEST_RIDGE,7,70,1.9963259813875
WITHIN_UZH,BEST_RIDGE,8,80,1.9735437880125
WITHIN_UZH,BEST_RIDGE,9,90,2.0219274928375
WITHIN_UZH,BEST_RIDGE,10,100,2.0947224311749997
WITHIN_UZH,BEST_RIDGE,11,110,2.111470537475
WITHIN_UZH,BEST_RIDGE,12,120,2.0700507133875
WITHIN_UZH,BEST_RIDGE,13,130,2.034025758375
WITHIN_UZH,BEST_RIDGE,14,140,2.05608778585
WITHIN_UZH,BEST_RIDGE,15,150,2.111875628725
WITHIN_UZH,BEST_RIDGE,16,160,2.1292524489374998
WITHIN_UZH,BEST_RIDGE,17,170,2.1043395899875
WITHIN_UZH,BEST_RIDGE,18,180,2.082400946125
WITHIN_UZH,BEST_RIDGE,19,190,2.0948691031
WITHIN_UZH,BEST_RIDGE,20,200,2.1489138114874997
WITHIN_UZH,TCN,1,10,0.9215356792357288
WITHIN_UZH,TCN,2,20,1.3045506071343205
WITHIN_UZH,TCN,3,30,1.4971603985424142
WITHIN_UZH,TCN,4,40,1.6550462754270785
WITHIN_UZH,TCN,5,50,1.823386941526806
WITHIN_UZH,TCN,6,60,1.9327702936201507
WITHIN_UZH,TCN,7,70,1.9614860131934528
WITHIN_UZH,TCN,8,80,1.937485496205068
WITHIN_UZH,TCN,9,90,1.9493738269761194
WITHIN_UZH,TCN,10,100,2.0268990757374183
WITHIN_UZH,TCN,11,110,2.085039667113758
WITHIN_UZH,TCN,12,120,2.0358382563306154
WITHIN_UZH,TCN,13,130,2.0186338688391237
WITHIN_UZH,TCN,14,140,2.035507863299041
WITHIN_UZH,TCN,15,150,2.1086181450116737
WITHIN_UZH,TCN,16,160,2.1366391122117614
WITHIN_UZH,TCN,17,170,2.1033277583026058
WITHIN_UZH,TCN,18,180,2.0308131225970607
WITHIN_UZH,TCN,19,190,2.0526776054651745
WITHIN_UZH,TCN,20,200,2.11054007809414
WITHIN_UZH,GRU,1,10,1.5182041328089793
WITHIN_UZH,GRU,2,20,1.605368335985009
WITHIN_UZH,GRU,3,30,1.6366478848787271
WITHIN_UZH,GRU,4,40,1.7202760521602012
WITHIN_UZH,GRU,5,50,1.8376001117761491
WITHIN_UZH,GRU,6,60,1.9335149005542214
WITHIN_UZH,GRU,7,70,1.9351690442313485
WITHIN_UZH,GRU,8,80,1.898679458427507
WITHIN_UZH,GRU,9,90,1.9312329707138725
WITHIN_UZH,GRU,10,100,2.010927630357993
WITHIN_UZH,GRU,11,110,2.057206261920269
WITHIN_UZH,GRU,12,120,2.032349992087661
WITHIN_UZH,GRU,13,130,1.9845501545083635
WITHIN_UZH,GRU,14,140,2.002073063612478
WITHIN_UZH,GRU,15,150,2.0769931999140367
WITHIN_UZH,GRU,16,160,2.1209372661779033
WITHIN_UZH,GRU,17,170,2.0928414379262423
WITHIN_UZH,GRU,18,180,2.034791099100084
WITHIN_UZH,GRU,19,190,2.049164107929297
WITHIN_UZH,GRU,20,200,2.1246837088564265
WITHIN_UZH,TRANSFORMER,1,10,0.8793729150718189
WITHIN_UZH,TRANSFORMER,2,20,1.276109882047467
WITHIN_UZH,TRANSFORMER,3,30,1.481887946795017
WITHIN_UZH,TRANSFORMER,4,40,1.6076168319804118
WITHIN_UZH,TRANSFORMER,5,50,1.784377303936198
WITHIN_UZH,TRANSFORMER,6,60,1.913738618958359
WITHIN_UZH,TRANSFORMER,7,70,1.9531288546961734
WITHIN_UZH,TRANSFORMER,8,80,1.9051338687186936
WITHIN_UZH,TRANSFORMER,9,90,1.9363706577295177
WITHIN_UZH,TRANSFORMER,10,100,2.015393343461907
WITHIN_UZH,TRANSFORMER,11,110,2.052222238086962
WITHIN_UZH,TRANSFORMER,12,120,2.0343501316333183
WITHIN_UZH,TRANSFORMER,13,130,1.971939947949461
WITHIN_UZH,TRANSFORMER,14,140,1.9823978934624402
WITHIN_UZH,TRANSFORMER,15,150,2.0546593432174083
WITHIN_UZH,TRANSFORMER,16,160,2.1125311997199905
WITHIN_UZH,TRANSFORMER,17,170,2.086497940939368
WITHIN_UZH,TRANSFORMER,18,180,2.0253719119868445
WITHIN_UZH,TRANSFORMER,19,190,2.0445921695284763
WITHIN_UZH,TRANSFORMER,20,200,2.108006366219756
EUROC_TO_UZH,B0_PERSISTENCE,1,10,0.7525815029999999
EUROC_TO_UZH,B0_PERSISTENCE,2,20,1.265163694525
EUROC_TO_UZH,B0_PERSISTENCE,3,30,1.52950058365
EUROC_TO_UZH,B0_PERSISTENCE,4,40,1.7700620194
EUROC_TO_UZH,B0_PERSISTENCE,5,50,2.0382852805500002
EUROC_TO_UZH,B0_PERSISTENCE,6,60,2.2353568013625
EUROC_TO_UZH,B0_PERSISTENCE,7,70,2.3329558468625
EUROC_TO_UZH,B0_PERSISTENCE,8,80,2.3705086871
EUROC_TO_UZH,B0_PERSISTENCE,9,90,2.433965873375
EUROC_TO_UZH,B0_PERSISTENCE,10,100,2.5135960433999998
EUROC_TO_UZH,B0_PERSISTENCE,11,110,2.5661322698875
EUROC_TO_UZH,B0_PERSISTENCE,12,120,2.5730101898125
EUROC_TO_UZH,B0_PERSISTENCE,13,130,2.5655671937999998
EUROC_TO_UZH,B0_PERSISTENCE,14,140,2.6157984240125
EUROC_TO_UZH,B0_PERSISTENCE,15,150,2.6830516015375
EUROC_TO_UZH,B0_PERSISTENCE,16,160,2.7147760036375
EUROC_TO_UZH,B0_PERSISTENCE,17,170,2.7006340486875002
EUROC_TO_UZH,B0_PERSISTENCE,18,180,2.6547385396625
EUROC_TO_UZH,B0_PERSISTENCE,19,190,2.643728483725
EUROC_TO_UZH,B0_PERSISTENCE,20,200,2.6545212752875003
EUROC_TO_UZH,BEST_RIDGE,1,10,0.3396915271
EUROC_TO_UZH,BEST_RIDGE,2,20,1.073607985375
EUROC_TO_UZH,BEST_RIDGE,3,30,1.5869954879
EUROC_TO_UZH,BEST_RIDGE,4,40,1.7174084539
EUROC_TO_UZH,BEST_RIDGE,5,50,1.8444447431125002
EUROC_TO_UZH,BEST_RIDGE,6,60,2.0116810852875
EUROC_TO_UZH,BEST_RIDGE,7,70,2.0786709496625
EUROC_TO_UZH,BEST_RIDGE,8,80,2.07182848085
EUROC_TO_UZH,BEST_RIDGE,9,90,2.1183887778375
EUROC_TO_UZH,BEST_RIDGE,10,100,2.2054692640375
EUROC_TO_UZH,BEST_RIDGE,11,110,2.2501478500125
EUROC_TO_UZH,BEST_RIDGE,12,120,2.2312713596250004
EUROC_TO_UZH,BEST_RIDGE,13,130,2.2065775006875
EUROC_TO_UZH,BEST_RIDGE,14,140,2.2379241995
EUROC_TO_UZH,BEST_RIDGE,15,150,2.313400937875
EUROC_TO_UZH,BEST_RIDGE,16,160,2.358810426
EUROC_TO_UZH,BEST_RIDGE,17,170,2.3386614737499998
EUROC_TO_UZH,BEST_RIDGE,18,180,2.28813883775
EUROC_TO_UZH,BEST_RIDGE,19,190,2.297302063
EUROC_TO_UZH,BEST_RIDGE,20,200,2.369796135125
EUROC_TO_UZH,TCN,1,10,0.958550346819308
EUROC_TO_UZH,TCN,2,20,1.4465132634630529
EUROC_TO_UZH,TCN,3,30,1.586985122524641
EUROC_TO_UZH,TCN,4,40,1.7534785488357891
EUROC_TO_UZH,TCN,5,50,1.9451130629217694
EUROC_TO_UZH,TCN,6,60,2.068350798388909
EUROC_TO_UZH,TCN,7,70,2.0814655289822044
EUROC_TO_UZH,TCN,8,80,2.0315956477443393
EUROC_TO_UZH,TCN,9,90,2.067062716455085
EUROC_TO_UZH,TCN,10,100,2.1280544878889662
EUROC_TO_UZH,TCN,11,110,2.200370150910291
EUROC_TO_UZH,TCN,12,120,2.2399476556024025
EUROC_TO_UZH,TCN,13,130,2.154451359542309
EUROC_TO_UZH,TCN,14,140,2.1676981247865585
EUROC_TO_UZH,TCN,15,150,2.2412611594621032
EUROC_TO_UZH,TCN,16,160,2.249699399587228
EUROC_TO_UZH,TCN,17,170,2.2357690236845196
EUROC_TO_UZH,TCN,18,180,2.213650295944469
EUROC_TO_UZH,TCN,19,190,2.220979303038904
EUROC_TO_UZH,TCN,20,200,2.291192997610072
EUROC_TO_UZH,GRU,1,10,1.801304079769665
EUROC_TO_UZH,GRU,2,20,1.902764244734404
EUROC_TO_UZH,GRU,3,30,1.8670978028459815
EUROC_TO_UZH,GRU,4,40,1.8670326897140914
EUROC_TO_UZH,GRU,5,50,1.960339550958939
EUROC_TO_UZH,GRU,6,60,2.0390225902684613
EUROC_TO_UZH,GRU,7,70,2.031045644530707
EUROC_TO_UZH,GRU,8,80,2.0003866696018315
EUROC_TO_UZH,GRU,9,90,2.0211857861675053
EUROC_TO_UZH,GRU,10,100,2.0931540904167107
EUROC_TO_UZH,GRU,11,110,2.1516219876085345
EUROC_TO_UZH,GRU,12,120,2.1367265217854907
EUROC_TO_UZH,GRU,13,130,2.097285067088831
EUROC_TO_UZH,GRU,14,140,2.112746475014404
EUROC_TO_UZH,GRU,15,150,2.184701571129411
EUROC_TO_UZH,GRU,16,160,2.232959720868111
EUROC_TO_UZH,GRU,17,170,2.211883001111106
EUROC_TO_UZH,GRU,18,180,2.16499408315474
EUROC_TO_UZH,GRU,19,190,2.1787073857437336
EUROC_TO_UZH,GRU,20,200,2.268338506042986
EUROC_TO_UZH,TRANSFORMER,1,10,1.9859558616106985
EUROC_TO_UZH,TRANSFORMER,2,20,1.9998505716154265
EUROC_TO_UZH,TRANSFORMER,3,30,1.9778673580863377
EUROC_TO_UZH,TRANSFORMER,4,40,1.9789338253384845
EUROC_TO_UZH,TRANSFORMER,5,50,2.0543236938476674
EUROC_TO_UZH,TRANSFORMER,6,60,2.168040528468725
EUROC_TO_UZH,TRANSFORMER,7,70,2.149386130949056
EUROC_TO_UZH,TRANSFORMER,8,80,2.0619006902534984
EUROC_TO_UZH,TRANSFORMER,9,90,2.1056900960002887
EUROC_TO_UZH,TRANSFORMER,10,100,2.172996026818714
EUROC_TO_UZH,TRANSFORMER,11,110,2.3018863689757048
EUROC_TO_UZH,TRANSFORMER,12,120,2.2790955503808172
EUROC_TO_UZH,TRANSFORMER,13,130,2.2201142303712533
EUROC_TO_UZH,TRANSFORMER,14,140,2.241429662257808
EUROC_TO_UZH,TRANSFORMER,15,150,2.2944316741491146
EUROC_TO_UZH,TRANSFORMER,16,160,2.3535033830505725
EUROC_TO_UZH,TRANSFORMER,17,170,2.3330999097061937
EUROC_TO_UZH,TRANSFORMER,18,180,2.3199793053845754
EUROC_TO_UZH,TRANSFORMER,19,190,2.2938861665880674
EUROC_TO_UZH,TRANSFORMER,20,200,2.390249123600854
UZH_TO_EUROC,B0_PERSISTENCE,1,10,0.49382502235000003
UZH_TO_EUROC,B0_PERSISTENCE,2,20,0.7773272207833334
UZH_TO_EUROC,B0_PERSISTENCE,3,30,0.811504833
UZH_TO_EUROC,B0_PERSISTENCE,4,40,0.7575635960833332
UZH_TO_EUROC,B0_PERSISTENCE,5,50,0.7514938846666667
UZH_TO_EUROC,B0_PERSISTENCE,6,60,0.7812461404333333
UZH_TO_EUROC,B0_PERSISTENCE,7,70,0.8396718193333333
UZH_TO_EUROC,B0_PERSISTENCE,8,80,0.9061495220333334
UZH_TO_EUROC,B0_PERSISTENCE,9,90,0.9296788063833333
UZH_TO_EUROC,B0_PERSISTENCE,10,100,0.9113984730499999
UZH_TO_EUROC,B0_PERSISTENCE,11,110,0.9227102093833333
UZH_TO_EUROC,B0_PERSISTENCE,12,120,0.9667428941999999
UZH_TO_EUROC,B0_PERSISTENCE,13,130,0.9852100451166667
UZH_TO_EUROC,B0_PERSISTENCE,14,140,0.9911915152833334
UZH_TO_EUROC,B0_PERSISTENCE,15,150,1.00423368745
UZH_TO_EUROC,B0_PERSISTENCE,16,160,1.0223879038833334
UZH_TO_EUROC,B0_PERSISTENCE,17,170,1.0438373760666666
UZH_TO_EUROC,B0_PERSISTENCE,18,180,1.05713514625
UZH_TO_EUROC,B0_PERSISTENCE,19,190,1.0670426373833333
UZH_TO_EUROC,B0_PERSISTENCE,20,200,1.0782282582166667
UZH_TO_EUROC,BEST_RIDGE,1,10,0.5779027159
UZH_TO_EUROC,BEST_RIDGE,2,20,0.6971501478
UZH_TO_EUROC,BEST_RIDGE,3,30,0.7053959385
UZH_TO_EUROC,BEST_RIDGE,4,40,0.6981589870833332
UZH_TO_EUROC,BEST_RIDGE,5,50,0.7176834540666666
UZH_TO_EUROC,BEST_RIDGE,6,60,0.7599392073833333
UZH_TO_EUROC,BEST_RIDGE,7,70,0.8069825941333333
UZH_TO_EUROC,BEST_RIDGE,8,80,0.8235124561166667
UZH_TO_EUROC,BEST_RIDGE,9,90,0.8183308910333333
UZH_TO_EUROC,BEST_RIDGE,10,100,0.8158647327833332
UZH_TO_EUROC,BEST_RIDGE,11,110,0.836569869
UZH_TO_EUROC,BEST_RIDGE,12,120,0.8677179550666666
UZH_TO_EUROC,BEST_RIDGE,13,130,0.8715155509499999
UZH_TO_EUROC,BEST_RIDGE,14,140,0.8635089331999999
UZH_TO_EUROC,BEST_RIDGE,15,150,0.8636997570833334
UZH_TO_EUROC,BEST_RIDGE,16,160,0.8811704868
UZH_TO_EUROC,BEST_RIDGE,17,170,0.9059710900999999
UZH_TO_EUROC,BEST_RIDGE,18,180,0.9053587777166667
UZH_TO_EUROC,BEST_RIDGE,19,190,0.89319786805
UZH_TO_EUROC,BEST_RIDGE,20,200,0.89098502885
UZH_TO_EUROC,TCN,1,10,0.5380013491662502
UZH_TO_EUROC,TCN,2,20,0.7360966681146941
UZH_TO_EUROC,TCN,3,30,0.7456978129615216
UZH_TO_EUROC,TCN,4,40,0.7602291452115084
UZH_TO_EUROC,TCN,5,50,0.6950867589964481
UZH_TO_EUROC,TCN,6,60,0.7591273616729973
UZH_TO_EUROC,TCN,7,70,0.8237769576773734
UZH_TO_EUROC,TCN,8,80,0.8601321341571421
UZH_TO_EUROC,TCN,9,90,0.8070285133354003
UZH_TO_EUROC,TCN,10,100,0.8117346473315354
UZH_TO_EUROC,TCN,11,110,0.8052161383203019
UZH_TO_EUROC,TCN,12,120,0.8439599872322973
UZH_TO_EUROC,TCN,13,130,0.8867440954905934
UZH_TO_EUROC,TCN,14,140,0.8668111966601763
UZH_TO_EUROC,TCN,15,150,0.8852126243271519
UZH_TO_EUROC,TCN,16,160,0.9117418977591858
UZH_TO_EUROC,TCN,17,170,0.9285386746856751
UZH_TO_EUROC,TCN,18,180,0.9181956596726751
UZH_TO_EUROC,TCN,19,190,0.9063156416448753
UZH_TO_EUROC,TCN,20,200,0.8827437940054078
UZH_TO_EUROC,GRU,1,10,0.6186621179425036
UZH_TO_EUROC,GRU,2,20,0.6970844939716659
UZH_TO_EUROC,GRU,3,30,0.6882404373530863
UZH_TO_EUROC,GRU,4,40,0.6789614144627384
UZH_TO_EUROC,GRU,5,50,0.6933683810016659
UZH_TO_EUROC,GRU,6,60,0.7340160474437306
UZH_TO_EUROC,GRU,7,70,0.7754333376738414
UZH_TO_EUROC,GRU,8,80,0.7972148533019142
UZH_TO_EUROC,GRU,9,90,0.796432717883548
UZH_TO_EUROC,GRU,10,100,0.7981244516941866
UZH_TO_EUROC,GRU,11,110,0.8214065833940852
UZH_TO_EUROC,GRU,12,120,0.8432347378381359
UZH_TO_EUROC,GRU,13,130,0.8658752649916552
UZH_TO_EUROC,GRU,14,140,0.854810163129391
UZH_TO_EUROC,GRU,15,150,0.854384548878589
UZH_TO_EUROC,GRU,16,160,0.873796249777058
UZH_TO_EUROC,GRU,17,170,0.89190316341744
UZH_TO_EUROC,GRU,18,180,0.9085330727074692
UZH_TO_EUROC,GRU,19,190,0.8963746320103599
UZH_TO_EUROC,GRU,20,200,0.8967913902890855
UZH_TO_EUROC,TRANSFORMER,1,10,0.5026146573688417
UZH_TO_EUROC,TRANSFORMER,2,20,0.7468062045013313
UZH_TO_EUROC,TRANSFORMER,3,30,0.7753072294558215
UZH_TO_EUROC,TRANSFORMER,4,40,0.700833481286411
UZH_TO_EUROC,TRANSFORMER,5,50,0.7068470595037581
UZH_TO_EUROC,TRANSFORMER,6,60,0.7321467376106671
UZH_TO_EUROC,TRANSFORMER,7,70,0.771123735512012
UZH_TO_EUROC,TRANSFORMER,8,80,0.8031849190489103
UZH_TO_EUROC,TRANSFORMER,9,90,0.8239344886467603
UZH_TO_EUROC,TRANSFORMER,10,100,0.8112796289172065
UZH_TO_EUROC,TRANSFORMER,11,110,0.8234365367155242
UZH_TO_EUROC,TRANSFORMER,12,120,0.8674381660383923
UZH_TO_EUROC,TRANSFORMER,13,130,0.8640592052295285
UZH_TO_EUROC,TRANSFORMER,14,140,0.8701909170313078
UZH_TO_EUROC,TRANSFORMER,15,150,0.8761523579370896
UZH_TO_EUROC,TRANSFORMER,16,160,0.8902561572666188
UZH_TO_EUROC,TRANSFORMER,17,170,0.9131910651124721
UZH_TO_EUROC,TRANSFORMER,18,180,0.9223690573699774
UZH_TO_EUROC,TRANSFORMER,19,190,0.9007037408179479
UZH_TO_EUROC,TRANSFORMER,20,200,0.9024612026482756
